ID_Uzorka,GPS_LAT,GPS_LONG,Dubina_Busenja_cm,Temp_Tla_C,pH_Vrijednost,H2O_Postotak,Metan_Senzor,Organske_Molekule
481,18.49594,77.38975,9.7,150.0,-2.0,2.23,Pozitivno,Ne
615,18.488969,77.387297,14.8,150.0,-2.0,2.69,Pozitivno,Ne
822,18.489978,77.377225,4.4,150.0,-2.0,5.19,Pozitivno,Ne
918,18.470719,77.397676,0.7,150.0,-2.0,0.26,Pozitivno,Ne
925,18.480581,77.37636,5.7,150.0,-2.0,2.61,Pozitivno,Ne
985,18.486731,77.390277,9.7,150.0,-2.0,3.8,Pozitivno,Ne
1882,18.489746,77.386985,9.8,150.0,-2.0,0.78,Pozitivno,Ne
1886,18.490893,77.387359,13.0,150.0,-2.0,1.48,Pozitivno,Ne
